{"train_pearson_epoch":0.01237165555357933,"test_pearson_epoch":0.7287079095840454,"val_pearson_step":1,"val_loss":2.7108895778656006,"train_loss_epoch":2.576620101928711,"_step":805,"_timestamp":1.7270044238450437e+09,"_wandb":{"runtime":889},"train_loss_step":2.857168674468994,"epoch":10,"val_pearson_epoch":0.7287079095840454,"train_pearson_step":0.14307227730751038,"trainer/global_step":730,"_runtime":888.527036361,"test_pearson_step":1}