{"val_loss":2.6865198612213135,"train_loss_step":2.8646047115325928,"train_pearson_step":0.04422205314040184,"_runtime":792.54799232,"_wandb":{"runtime":793},"trainer/global_step":657,"test_pearson_epoch":0.026736628264188766,"val_pearson_epoch":0.026736628264188766,"train_pearson_epoch":0.010871455073356628,"train_loss_epoch":2.577014446258545,"test_pearson_step":0.28491485118865967,"_step":725,"epoch":9,"_timestamp":1.726999725588495e+09,"val_pearson_step":0.28491485118865967}