{"train_loss_step":2.9105091094970703,"_runtime":917.656516916,"train_loss_epoch":2.5789430141448975,"val_pearson_epoch":NaN,"test_pearson_epoch":NaN,"val_pearson_step":0,"val_loss":2.7183969020843506,"_wandb":{"runtime":982},"_step":1579,"trainer/global_step":1460,"train_pearson_epoch":-0.013986852020025253,"test_pearson_step":0,"train_pearson_step":0.016483724117279053,"epoch":10,"_timestamp":1.727005437773912e+09}