{"_timestamp":1.7270073109388354e+09,"train_pearson_epoch":0.9858087301254272,"val_pearson_epoch":0.9060609936714172,"_wandb":{"runtime":977},"_step":1579,"val_pearson_step":0.9253368377685547,"test_pearson_epoch":0.9060609936714172,"_runtime":912.866118431,"train_loss_epoch":0.10898587852716446,"trainer/global_step":1460,"val_loss":0.3980506956577301,"test_pearson_step":0.9253368377685547,"train_loss_step":0.06462880969047546,"epoch":10,"train_pearson_step":0.9872821569442749}