{"train_loss_step":3.0883631706237793,"trainer/global_step":234,"test_pearson_epoch":0.12595608830451965,"_step":254,"test_pearson_step":0.2267969697713852,"val_pearson_step":0.09675662964582443,"_timestamp":1.7270085635381525e+09,"train_loss_epoch":2.6716978549957275,"train_pearson_epoch":0.02920290268957615,"val_pearson_epoch":0.10583771020174026,"train_pearson_step":-0.3067467510700226,"_wandb":{"runtime":162},"epoch":1,"val_loss":2.252469062805176,"_runtime":162.154850348}