{"val_pearson_step":0.9367159605026245,"val_loss":0.3755009174346924,"_runtime":1193.041207403,"_step":2205,"train_pearson_epoch":0.9863780736923218,"test_pearson_step":0.9367159605026245,"_timestamp":1.7270825959389122e+09,"train_loss_step":0.1244819313287735,"test_pearson_epoch":0.9128775596618652,"_wandb":{"runtime":1257},"trainer/global_step":2097,"train_loss_epoch":0.07586607336997986,"epoch":9,"train_pearson_step":0.9887992739677429,"val_pearson_epoch":0.9128775596618652}