{"_runtime":1529.838627912,"val_pearson_step":0.956702470779419,"test_pearson_epoch":0.9080653786659241,"train_pearson_epoch":0.9923969507217407,"_wandb":{"runtime":1594},"train_loss_step":0.053742021322250366,"epoch":17,"val_loss":0.37435850501060486,"train_pearson_step":0.9895026087760925,"val_pearson_epoch":0.9080653786659241,"test_pearson_step":0.956702470779419,"trainer/global_step":2482,"train_loss_epoch":0.057895123958587646,"_timestamp":1.7270101362106545e+09,"_step":2678}