{"_timestamp":1.7270785977910469e+09,"test_pearson_step":0.9502039551734924,"_step":1579,"train_pearson_step":0.9934902787208557,"train_pearson_epoch":0.9855532050132751,"train_loss_epoch":0.116203673183918,"_wandb":{"runtime":954},"train_loss_step":0.04492662847042084,"val_pearson_epoch":0.9173089861869812,"trainer/global_step":1460,"test_pearson_epoch":0.9173089861869812,"epoch":10,"val_pearson_step":0.9502039551734924,"_runtime":888.868122585,"val_loss":0.3579222857952118}